{"./Adish_aroh_w1/": {"tonic": 130, "highest1": [345, 0.936162813127178, 0.005191712352095035], "highest2": [329, 0.8964099197455399, 0.01157483178663354], "grey_count": 5, "central_count": 1}, "./Adish_avaroh_w1/": {"tonic": 128, "lowest1": [84, 0.6572845623371156, 0.0], "lowest2": [95, 0.567081325402134, 0.17363052453053548], "grey_count": 1, "central_count": 5}, "./Adish_aroh_b1/": {"tonic": 138, "highest1": [369, 0.8384581103294728, 0.1163480659163009], "highest2": [347, 0.9306211478316723, 0.005126159384845646], "grey_count": 5, "central_count": 2}, "./Adish_avaroh_b1/": {"tonic": 136, "lowest1": [93, 0.47529083039825587, 0.12026799883302206], "lowest2": [101, 0.6587471658742059, 0.10840903616367077], "grey_count": 3, "central_count": 5}, "./Adish_avaroh_w7/": {"tonic": 124, "lowest1": [83, 0.505080236638227, 0.02294904183161396], "lowest2": [93, 0.5435765477573927, 0.08514609389094398], "grey_count": 1, "central_count": 4}, "./Adish_aroh_w7/": {"tonic": 122, "highest1": [328, 0.8360260884939091, 0.007877322421205635], "highest2": [307, 0.7437447564813086, 0.04426661810498582], "grey_count": 3, "central_count": 1}}